Keyword,Intent,Volume,Trend,Keyword Difficulty,CPC (USD),Competitive Density,SERP Features,Number of Results
best prop firm dashboards,Commercial,70,"0.77,1.00,0.77,0.44,0.00",0,0.00,0.00,"AI Overview, Video, Video carousel, People also ask, Discussions and forums, Related searches",15600000
clarity forex prop firm,"Informational, Commercial",40,"0.55,0.22,0.33,0.33,0.77,0.55,0.22,0.44,0.44,0.55,1.00,0.44",0,4.22,0.13,"Sitelinks, Video, Related searches",189000
improve prop firm marketing,"Informational, Transactional",70,"0.45,0.81,1.00,0.27,0.00",0,0.00,0.00,"Sitelinks, AI Overview, Video, Discussions and forums",4150000
marketing solutions for prop firm owners,Informational,50,"0.00,0.77,1.00,0.33,0.22",0,0.00,0.00,"AI Overview, Video, People also ask, Related searches",8160000
option trading prop firm,"Informational, Commercial",140,"0.34,0.21,0.15,0.21,0.15,0.43,0.53,0.43,0.53,0.53,1.00,0.28",0,3.66,0.20,"Sitelinks, Video, Discussions and forums, Related searches",8110000
options trading prop firm,Commercial,110,"0.42,0.42,1.00,0.42,0.42,0.33,0.33,0.42,0.66,0.80,0.66,0.42",0,4.31,0.28,"Sitelinks, AI Overview, Video, People also ask, Related searches",7000000
prop firm account management,"Informational, Transactional",40,"1.00,0.71,0.42,0.28,0.28,0.42,0.28,0.28,0.28,0.28,0.71,0.28",0,0.00,0.08,"Video, Video carousel, Related searches",29300000
prop firm for options trading,"Informational, Transactional",140,"0.26,0.53,0.26,0.34,0.42,0.80,0.34,0.53,0.65,0.80,0.80,1.00",0,0.00,0.00,"Sitelinks, AI Overview, Video, Video carousel, Discussions and forums, Related searches",6040000
prop firm marketing companies,Commercial,50,"1.00,0.63,0.63,0.00,0.00",0,0.00,0.00,"AI Overview, Video, People also ask, Related searches, Ads bottom, Ads middle",124000000
prop firm seo marketing,Commercial,50,"0.27,1.00,0.63,0.36,0.00,0.00",0,0.00,0.00,"Sitelinks, AI Overview, Video, People also ask, Local pack, Related searches, Ads bottom",11500000
reverse trading prop firm,"Informational, Transactional",50,"1.00,0.00,0.00,0.00,0.11,0.11,0.11,0.11,0.11,0.11,0.11,0.11",0,0.00,0.29,"Sitelinks, AI Overview, Image pack, Video, Video carousel, Related searches",1570000
seo strategies for a prop firm,"Informational, Commercial",50,"0.22,1.00,0.55,0.44,0.33,0.11",0,0.00,0.00,"Featured snippet, Video, People also ask, Discussions and forums",315000
think capital prop firm review,Commercial,70,"0.14,0.64,1.00,1.00,0.78,0.78,0.14,0.14,0.14,0.14,0.14,0.14",0,1.23,0.10,"Sitelinks, Video, Video carousel, People also ask, Discussions and forums, Related searches",4920000
how to choose a prop firm,Informational,70,"0.21,0.21,0.14,1.00,1.00,0.64,0.50,0.28",1,0.00,0.00,"Sitelinks, AI Overview, Video, Video carousel, Discussions and forums, Related searches",17300000
prop firm affiliate program,Informational,70,"0.02,0.02,0.02,0.02,0.02,0.02,0.02,0.02,0.02,1.00,0.23,0.02",1,3.26,0.08,"Sitelinks, AI Overview, Video, Related searches",1690000
prop firm expert advisor,"Informational, Transactional",40,"0.27,0.13,1.00,0.80,0.60,0.13,0.27,0.13,0.13,0.00,0.13,0.00",1,2.60,0.11,"Sitelinks, AI Overview, Video, Video carousel, Discussions and forums, Related searches",1840000
prop firm passing services,Informational,70,"0.52,0.64,0.00,0.17,0.00,0.82,1.00,0.17,0.64,0.00,1.00,0.23",1,2.25,0.23,"Sitelinks, Video, Video carousel, Discussions and forums, Related searches, Ads bottom",3850000
cheap forex prop firm,Commercial,70,"0.18,0.36,1.00,1.00,0.63,0.81,0.36,0.18,0.63,1.00,0.63",2,0.00,0.00,"Sitelinks, AI Overview, Video, Video carousel, People also ask, Discussions and forums, Related searches, Ads bottom",812000
best prop firm forex eas,Commercial,390,"1.00,0.00,0.00,0.00,0.01",3,0.00,0.00,"Sitelinks, AI Overview, Video, Video carousel, Discussions and forums, Related searches",282000
start your own prop firm,"Informational, Transactional",40,"0.23,0.11,0.11,0.11,0.11,0.11,0.11,0.11,0.52,0.64,1.00,0.29",3,2.41,0.12,"Sitelinks, Video, Video carousel, Discussions and forums, Related searches, Ads bottom",31800000
prop firm consistency rule,Informational,40,"0.18,0.18,0.18,0.27,0.45,0.27,0.18,0.36,0.81,1.00,0.18,0.18",4,4.74,0.08,"Sitelinks, AI Overview, Video, Video carousel, People also ask, Related searches",2550000
cheapest prop firm challenge,"Informational, Commercial",50,"0.82,0.17,0.17,0.23,0.23,0.17,0.11,0.23,0.52,1.00,1.00,1.00",5,4.47,0.28,"Sitelinks, AI Overview, Video, Video carousel, People also ask, Discussions and forums, Related searches, Ads bottom",401000
prop firm customer support,"Informational, Commercial",40,"0.33,1.00,0.44,0.11,0.00",5,0.00,0.00,"Video, People also ask, Related searches",14000000
prop firm free account,Commercial,40,"0.00,1.00,0.14,0.00,0.14,0.00,0.64,1.00,0.14,0.14,0.14,0.14",5,0.00,0.05,"Sitelinks, Video, Video carousel, Related searches, Ads top, Ads middle",46200000
risk management prop firm,Informational,40,"0.14,0.78,0.14,0.00,0.14,1.00,0.14,0.14,0.14,0.14,0.14,0.14",5,0.00,0.14,"Sitelinks, AI Overview, Video, Video carousel, Related searches",5700000
aquafunded prop firm reviews,Commercial,40,"1.00,0.00",6,0.00,0.00,"Sitelinks, AI Overview, Image pack, Video, Video carousel, People also ask, Discussions and forums, Related searches",15100
brightfunded prop firm review,Commercial,50,"0.14,0.78,0.28,0.14,0.14,0.00,1.00,0.21",7,0.00,0.00,"Sitelinks, Video, Video carousel, People also ask, Discussions and forums, Related searches, Ads bottom",6150
e8 prop firm review,Commercial,70,"0.06,0.06,0.06,0.09,0.06,0.15,0.53,1.00,0.06,0.06,0.00,0.00",7,6.02,0.18,"Sitelinks, Video, Video carousel, People also ask, Discussions and forums, Related searches, Ads top",153000
how to start prop firm,Informational,30,"1.00,0.33,0.00,0.00,0.00,0.00,0.00,0.00,0.00,0.33,0.33,0.00",7,2.97,0.20,"Sitelinks, AI Overview, Video, Video carousel, Discussions and forums, Related searches, Ads bottom",38300000
prop firm sans challenge,Commercial,50,"0.36,0.45,0.18,0.27,0.81,0.63,0.45,0.36,0.00,1.00,0.18,0.18",7,0.00,0.01,"Video, Related searches",
starting a prop trading firm,Informational,50,"1.00,1.00,0.17,0.37,0.17,0.17,0.17,0.17,0.63,0.63,0.63,0.37",7,2.01,0.08,"Sitelinks, AI Overview, Video, Video carousel, Discussions and forums, Related searches",9020000
forex prop firm review,Commercial,40,"0.63,1.00,0.44,0.00,0.00,0.44,0.27,0.37,0.44,0.17,0.00,0.17",8,6.03,0.24,"Sitelinks, Video, Video carousel, Discussions and forums, Related searches",1470000
the futures desk prop firm,Navigational,50,"0.11,0.11,0.11,0.00,0.11,0.64,0.11,0.11,0.11,0.11,1.00,0.64",8,4.91,0.25,"Sitelinks, Image, Video, Video carousel, People also ask, Related searches",523000
build your prop firm,Informational,70,"0.55,0.77,1.00,0.44,0.11",9,0.00,0.00,"Sitelinks, Video, Video carousel, Discussions and forums, Related searches, Ads top, Ads bottom",7160000
tradeify prop firm reviews,Commercial,40,"0.18,0.81,0.18,0.18,1.00,0.18,0.18,0.81,0.18,0.18,0.18,0.18",9,5.58,0.13,"Sitelinks, Video, Video carousel, People also ask, Discussions and forums, Related searches",16100
alpha futures prop firm rules,Informational,40,"0.27,0.09,0.09,0.09,1.00,0.63,0.00",11,0.00,0.00,"AI Overview, Image pack, Video, Video carousel, People also ask, Related searches",97900
create a prop firm,Informational,40,"0.57,0.28,0.28,0.28,0.28,0.28,0.28,1.00,1.00,0.71,1.00,0.71",11,0.00,0.02,"Sitelinks, Video, Video carousel, Discussions and forums, Related searches",25900000
futures prop firm comparisons,Commercial,260,"1.00,0.00,0.00,0.01,0.01,0.02,0.00,0.00,0.00",11,0.00,0.00,"Sitelinks, AI Overview, Video, Video carousel, People also ask, Discussions and forums, Related searches, Ads bottom",5520000
prop trading firm jobs,Commercial,50,"1.00,1.00,0.18,0.18,0.18,0.27,0.18,1.00,0.18,0.18,0.18,0.18",11,0.76,0.17,"Video, People also ask, Jobs, Related searches",3130000
upcomers prop firm reviews,"Navigational, Commercial",110,"0.00,0.00,0.00,0.00,0.00,0.00,0.00,1.00,0.11,0.11,0.11,0.02",11,0.00,0.15,"Sitelinks, AI Overview, Video, People also ask, Related searches",868
apex prop firm review,Commercial,30,"0.18,1.00,0.18,0.27,0.27,0.09,0.00,0.00,0.00,0.36,0.36,0.18",12,1.74,0.23,"Sitelinks, AI Overview, Video, Video carousel, Discussions and forums, Related searches",832000
arctic funding prop firm,Commercial,30,"0.42,0.25,0.17,0.17,0.17,0.17,0.17,1.00,0.17,0.17,0.17,0.17",12,3.56,0.29,"Video, People also ask, Related searches, Ads bottom",261000
best mql5 strategies prop firm,Commercial,390,"1.00,0.00,0.00,0.00,0.00,0.00,0.00",14,0.00,0.00,"Sitelinks, AI Overview, Video, Video carousel, People also ask, Discussions and forums, Related searches",33500
cheap fx prop firm,Commercial,50,"0.07,0.21,1.00,1.00,0.64,0.50,0.21,0.07,0.21,0.00,0.21",14,0.00,0.00,"Sitelinks, AI Overview, Video, People also ask, Discussions and forums, Related searches, Ads bottom",757000
ea to pass prop firm challenge,"Informational, Commercial",40,"0.20,0.20,0.20,0.20,0.20,0.40,0.40,0.80,0.60,0.20,0.80,1.00",14,0.00,0.18,"Video, Video carousel, People also ask, Discussions and forums, Related searches",848000
ftuk prop firm review,Commercial,40,"0.18,0.18,0.18,0.18,0.18,1.00,0.45,0.36,0.36,0.81,0.18,0.18",14,3.11,0.13,"Sitelinks, People also ask, Discussions and forums, Related searches",4320
liquid markets prop firm,Transactional,30,"1.00,1.00,1.00,1.00,1.00,1.00,1.00,1.00,1.00,1.00,1.00,1.00",14,4.47,0.17,"Sitelinks, Video, People also ask, Related searches",1380000
prop trading firm news,"Informational, Commercial",210,"1.00,0.00,0.17",14,0.00,0.00,"Sitelinks, Video, Video carousel, Related searches",4840000
